t_s,H,n_kpts,rms_m,source
2600.0,"[[0.007108913240575995, -0.053665189512060146, 23.09271363661085], [-0.001869662536780697, 0.036889846673708995, -12.349049693238106], [6.562676049362251e-05, -0.0017105270211833722, 1.0]]",13,1.64,model
2601.0,"[[0.00681515254664934, -0.05313369398949936, 23.23323035164081], [-0.0016875992386630608, 0.036784820695270316, -12.563916016741054], [5.83910422992658e-05, -0.0016893576035026169, 0.9999999999999999]]",13,1.75,model
2602.0,"[[0.007045880710935192, -0.053783638716851566, 23.277240254358315], [-0.001940944984061276, 0.037650495890156774, -12.665065247325455], [6.493912702791698e-05, -0.0017068817665621709, 1.0]]",13,1.81,model
2603.0,"[[0.007509803760153143, -0.05368323646863979, 22.892796269046144], [-0.0016580381598634995, 0.03631077893912663, -12.470704859299019], [7.51205093999548e-05, -0.0017160578845289679, 0.9999999999999999]]",13,1.42,model
2604.0,"[[0.007048908366535786, -0.051840512455660355, 23.145167451152492], [-0.001431533096387128, 0.0358864658149273, -12.528213953089873], [5.5292003209859684e-05, -0.0016571483478812331, 1.0]]",13,0.96,model
2605.0,"[[0.007350257720216441, -0.05273665170757012, 23.333267150548405], [-0.0013891658852977827, 0.03575533502687963, -12.4838910262974], [6.650081856377719e-05, -0.0016787395181968525, 1.0]]",13,1.16,model
2606.0,"[[0.007325172950078101, -0.052463996410409976, 23.232820337022133], [-0.0014468711865190502, 0.03533182175625702, -12.336391731058745], [6.601969664811501e-05, -0.0016768734719478616, 0.9999999999999999]]",13,0.9,model
2607.0,"[[0.007387530916013149, -0.05275870436122749, 23.24176769234019], [-0.0014220776780494286, 0.035601040509990224, -12.481066553832035], [6.705039845102119e-05, -0.001683998192780023, 1.0]]",13,0.9,model
2608.0,"[[0.007534786594117771, -0.053026154878463926, 23.35367775729967], [-0.0014952555295864897, 0.036528466312572484, -12.791029443406922], [7.036139605892193e-05, -0.0016802644172096487, 0.9999999999999999]]",13,1.13,model
2609.0,"[[0.006825137083026375, -0.05160878811374897, 23.121051307242073], [-0.0015560136240842307, 0.03554141635961868, -12.213732178375736], [4.859486749459938e-05, -0.0016525602509437417, 1.0]]",13,0.97,model
2610.0,"[[0.006798546197408423, -0.05148794255506154, 23.175651318259213], [-0.0013368155046620564, 0.03563840080907971, -12.592248313901292], [4.816696873603835e-05, -0.001646616832120216, 1.0]]",13,0.94,model
2611.0,"[[0.009291491499376872, -0.052775637974025694, 21.26404336255463], [-0.003589772111330988, 0.05540717954693228, -17.99787880785604], [6.061909324261407e-05, -0.0015285353590412949, 0.9999999999999999]]",12,2.63,model
2612.0,"[[0.007345995201928163, -0.051252729127207734, 20.45434175084927], [-0.003364969321212204, 0.04360033404004781, -12.939107802902933], [3.920507890459235e-05, -0.0015657692366692138, 1.0]]",10,1.69,model
2613.0,,0,,reject
2614.0,,0,,reject
2615.0,,0,,reject
2616.0,,0,,reject
2617.0,,0,,reject
2618.0,,0,,reject
2619.0,,0,,reject
2620.0,,0,,reject
2621.0,,0,,reject
2622.0,,0,,reject
2623.0,,0,,reject
2624.0,,0,,reject
2625.0,"[[0.005431572159362953, -0.04943245123388673, 22.09852420427863], [-0.0019867017378940124, 0.03640961921404631, -11.504937231155338], [1.4148390524924821e-05, -0.0015615921774608924, 1.0]]",10,1.23,model
2626.0,"[[0.007309107777973223, -0.04955578775479149, 21.32178022116637], [-0.0023633072622467207, 0.0429437889212557, -13.285513129972562], [3.698002503015714e-05, -0.001528025843547167, 1.0]]",12,1.43,model
2627.0,"[[0.005772450469469137, -0.04764622792961227, 19.915630478128453], [-0.0019852606121860805, 0.02839792515928205, -7.8943559142445086], [3.2064284145805345e-05, -0.0016382259963316846, 1.0]]",10,1.39,model
2628.0,,0,,reject
2629.0,"[[0.0059378303586820926, -0.05018368549135267, 21.639181126685454], [-0.002148119169576389, 0.035301702278910524, -10.901208884370089], [2.9881022471870235e-05, -0.0016125712225073285, 0.9999999999999999]]",10,1.27,model
2630.0,"[[0.005108283836957366, -0.04955730530740188, 24.600561351252875], [-0.0004687625383560532, 0.03562631907901161, -14.001478135985778], [-1.0999049186802908e-05, -0.0016073549143203502, 1.0]]",16,0.65,model
2631.0,"[[0.0022340224338162668, -0.04947810770371696, 29.97157449948289], [0.0019802199715788556, 0.029850306984934797, -12.573030235591169], [-7.949028890229473e-05, -0.0015860639205214657, 1.0]]",10,2.61,model
2632.0,,0,,reject
2633.0,,0,,reject
2634.0,,0,,reject
2635.0,,0,,reject
2636.0,,0,,reject
2637.0,,0,,reject
2638.0,,0,,reject
2639.0,,0,,reject
2640.0,,0,,reject
2641.0,,0,,reject
2642.0,"[[0.002177569951470048, -0.04380335078057311, 28.049265786033196], [0.0007763317087473052, 0.03147098509795974, -11.800142914911847], [-0.00010587896303608906, -0.0014382661678608878, 1.0]]",13,0.66,model
2643.0,"[[0.003380241193995535, -0.04512567149315382, 26.120404205705277], [5.47339811124023e-05, 0.03277614874154489, -12.348235350390114], [-7.132674218712919e-05, -0.0014564938717333536, 1.0]]",15,0.93,model
2644.0,"[[0.006553984593243262, -0.05010426272645594, 23.416819647378645], [-0.0007666018813094033, 0.035151447144818875, -13.199519387816533], [2.243204896185531e-05, -0.0016311803093559457, 1.0]]",16,0.56,model
2645.0,"[[0.006973524681083023, -0.053172170087275344, 23.38598579040576], [-0.001589740429443305, 0.03694930955567695, -12.88877045680127], [5.890864985523773e-05, -0.0016956076918073983, 0.9999999999999999]]",13,1.26,model
2646.0,"[[0.006051094946797311, -0.04715033119485688, 21.312741740102457], [-0.0025482151328685867, 0.0437943460186899, -14.327273007144266], [6.767196245607748e-06, -0.001460197344554519, 1.0]]",11,2.82,model
2647.0,"[[0.005031127868646659, -0.04761567159702175, 19.897442055984047], [-0.0017134883083125558, 0.02632527576142017, -8.019306213699029], [2.3976835812748648e-05, -0.001697679242494186, 1.0]]",10,2.84,model
2648.0,,0,,reject
2649.0,,0,,reject
2650.0,,0,,reject
2651.0,,0,,reject
2652.0,"[[0.005515928911869332, -0.048995843761014624, 20.12911276366943], [-0.0015449308802256234, 0.027097060211131386, -8.335578452446764], [3.767995157504802e-05, -0.0017215550950125792, 1.0]]",10,2.01,model
2653.0,,0,,reject
2654.0,,0,,reject
2655.0,,0,,reject
2656.0,,0,,reject
2657.0,"[[0.004848357728282471, -0.046805613126448056, 20.103712812241042], [-0.001996839613354269, 0.028999259003679393, -8.418117765153811], [-6.158541040490784e-07, -0.0015942329282322206, 1.0]]",10,2.11,model
2658.0,,0,,reject
2659.0,,0,,reject
2660.0,,0,,reject
2661.0,,0,,reject
2662.0,,0,,reject
2663.0,,0,,reject
2664.0,,0,,reject
2665.0,,0,,reject
2666.0,,0,,reject
2667.0,,0,,reject
2668.0,,0,,reject
2669.0,,0,,reject
2670.0,,0,,reject
2671.0,,0,,reject
2672.0,,0,,reject
2673.0,,0,,reject
2674.0,,0,,reject
2675.0,,0,,reject
2676.0,,0,,reject
2677.0,,0,,reject
2678.0,,0,,reject
2679.0,,0,,reject
2680.0,,0,,reject
2681.0,,0,,reject
2682.0,,0,,reject
2683.0,,0,,reject
2684.0,,0,,reject
2685.0,,0,,reject
2686.0,,0,,reject
2687.0,,0,,reject
2688.0,,0,,reject
2689.0,,0,,reject
2690.0,"[[0.005520805722280175, -0.04792938377428698, 20.07697501818716], [-0.0022988191643906774, 0.029493271219422933, -8.135328617944204], [2.0351527441396875e-05, -0.0016279221000593269, 1.0]]",10,1.43,model
2691.0,"[[0.00597671840095294, -0.050399717791334106, 23.542190989861496], [-0.001016317328790022, 0.03393550414091125, -12.44786153911534], [2.5746363036397402e-05, -0.0016435879639044703, 1.0]]",14,0.56,model
2692.0,"[[0.001895633921634315, -0.0463610471403608, 27.133071956209893], [0.00054827612039836, 0.02982231844020662, -12.162554983584775], [-9.760573549523306e-05, -0.0015161498060567487, 1.0]]",14,0.72,model
2693.0,,0,,reject
2694.0,,0,,reject
2695.0,,0,,reject
2696.0,,0,,reject
2697.0,,0,,reject
2698.0,,0,,reject
2699.0,,0,,reject
2700.0,,0,,reject
2701.0,,0,,reject
2702.0,,0,,reject
2703.0,,0,,reject
2704.0,,0,,reject
2705.0,,0,,reject
2706.0,,0,,reject
2707.0,,0,,reject
2708.0,,0,,reject
2709.0,,0,,reject
2710.0,,0,,reject
2711.0,,0,,reject
2712.0,,0,,reject
2713.0,"[[0.003710051474580313, -0.04964938437617605, 29.98996299355531], [0.0012829689738511655, 0.031864317433512694, -12.294546343975037], [-5.519871133841016e-05, -0.0016035940770010053, 1.0]]",10,1.17,model
2714.0,"[[0.0023330572004723405, -0.0460320047049207, 29.31178307797473], [0.0016638549444458852, 0.03448918495125986, -13.29116141810443], [-9.30016787611621e-05, -0.0015297629473958862, 1.0]]",10,1.4,model
2715.0,"[[0.0019707386274927714, -0.045181253240280446, 27.717853717906294], [0.0007964869749052799, 0.031055261002585075, -12.542383539248622], [-0.00011010379321559442, -0.0014668542896731933, 1.0]]",13,0.37,model
2716.0,"[[0.0019438143913030283, -0.04516389324282306, 27.714954876845106], [0.000498167035477155, 0.030044458884003228, -11.978165501342966], [-0.00010501970639711022, -0.001462706251931139, 1.0]]",13,0.48,model
2717.0,"[[0.0026847383879127244, -0.04731267418778339, 27.86729794160934], [0.0006710938528008602, 0.030850620057610075, -12.383801340221526], [-8.069406451821804e-05, -0.0015323393369942985, 1.0]]",13,0.62,model
2718.0,"[[0.002714505593283879, -0.046189524650579045, 26.3966644791118], [0.00039075025308367244, 0.029966313731034002, -12.171779464654145], [-8.322164485334625e-05, -0.0015014911733848737, 1.0]]",16,0.62,model
2719.0,"[[0.0035127078602611135, -0.04747038209119434, 25.811650641782713], [0.00011874353635874859, 0.030596295894206173, -12.244028842280747], [-5.9272059549473904e-05, -0.0015383986243215249, 1.0]]",16,0.37,model
2720.0,"[[0.003655134787603727, -0.04749334773062177, 25.73751881441058], [7.638757909853722e-05, 0.03078654771272922, -12.254607405311793], [-5.7062295076443304e-05, -0.0015388587162816596, 1.0]]",16,0.36,model
2721.0,"[[0.0046260999664541665, -0.048632471351071474, 24.803481289178276], [-0.0001978208536764557, 0.03300559176065357, -13.0251929088304], [-2.480353061300598e-05, -0.0015879746297360962, 1.0]]",17,0.67,model
2722.0,"[[0.006628127842843732, -0.05091377044479319, 23.275276520747486], [-0.0011174692525585334, 0.034320683046785365, -12.454843237565747], [4.214860577371608e-05, -0.0016572067782506766, 1.0]]",14,0.6,model
2723.0,"[[0.006686244631507078, -0.053022826124393026, 23.430664778442118], [-0.0014943423020683368, 0.03621953243709743, -12.578901682279705], [5.65678658148921e-05, -0.0016900507597484421, 1.0]]",13,1.75,model
2724.0,"[[0.00602675071692724, -0.05054830696276148, 23.47965530991786], [-0.000993263923667747, 0.03438628674786333, -12.666404547203022], [2.59652894363838e-05, -0.001643136922190538, 1.0]]",14,0.55,model
2725.0,"[[0.0054437118472560955, -0.049228356779346234, 24.34085098787882], [-0.00040433312131974813, 0.0357580321795059, -13.867661763316478], [-1.0739213684349552e-05, -0.0015892236175358645, 1.0]]",16,0.65,model
2726.0,"[[0.006068841318043467, -0.05000201717938539, 23.530594250521656], [-0.0008469719263691972, 0.03399760484394417, -12.677870094025552], [2.29585061990076e-05, -0.0016340937695065267, 1.0]]",14,0.48,model
2727.0,,11,3.06,reject
2728.0,"[[0.0035215037243920065, -0.040629404520074686, 19.03322260712274], [-0.0022273328028411523, 0.02933680133657976, -8.480507733686835], [-7.115218308725639e-05, -0.001360828927375154, 1.0]]",10,2.97,model
2729.0,,0,,reject
2730.0,,0,,reject
2731.0,,0,,reject
2732.0,,0,,reject
2733.0,,0,,reject
2734.0,,0,,reject
2735.0,,0,,reject
2736.0,,0,,reject
2737.0,,0,,reject
2738.0,"[[0.00575348075849383, -0.04928325468712475, 21.175972799431932], [-0.0021288217542684666, 0.034394479748512286, -10.22916109376766], [2.3417200865531232e-05, -0.0015889359899343982, 1.0]]",10,1.17,model
2739.0,"[[0.005839826624940014, -0.04809658585256453, 20.2865882469719], [-0.0017084696561241236, 0.028462056000054973, -7.850290639303848], [2.8340932171748763e-05, -0.0016115845720781842, 1.0]]",10,1.52,model
2740.0,"[[0.00663205905550485, -0.052215526116525614, 23.38480348065191], [-0.0020301552131683637, 0.03696572857771023, -12.572091190077199], [5.269059811421351e-05, -0.0016631261098814098, 0.9999999999999999]]",13,1.44,model
2741.0,"[[0.005898023409593821, -0.04954878656402168, 23.52575424522885], [-0.0007966309293486819, 0.033963146614904086, -12.775746391713541], [1.5306683978243132e-05, -0.0016217065438699618, 0.9999999999999999]]",15,0.43,model
2742.0,"[[0.00446647921142152, -0.0480959394097913, 24.96708001004992], [-0.0001393852617442288, 0.032455570767812685, -12.790413008516046], [-3.356460095279733e-05, -0.001562786187145308, 1.0]]",16,0.5,model
2743.0,"[[0.0020827199146397466, -0.0464411181139825, 26.826205205967234], [0.0005570600852005071, 0.029676438310294248, -12.233672952134414], [-9.290452366478686e-05, -0.0015131500059708785, 1.0]]",15,0.56,model
2744.0,"[[0.0024841685576650857, -0.04619055572327128, 28.08085116303211], [0.0008472431853387527, 0.03227667422567884, -13.130932236262405], [-9.0399159137613e-05, -0.0014974566736598927, 1.0]]",13,0.42,model
2745.0,"[[0.0023195425007534114, -0.045887121911738216, 28.153768517854825], [0.000923830337269663, 0.03142950692294698, -12.594835105641822], [-9.905707412172201e-05, -0.0014904278394313527, 1.0]]",13,0.32,model
2746.0,"[[0.005523927852805967, -0.04924798730306965, 23.908133344966984], [-0.0004859216475680252, 0.034952466739737, -13.534928473875864], [-1.5458128899765017e-06, -0.0016038976661196759, 1.0]]",16,0.45,model
2747.0,"[[0.008963863788412855, -0.05257908247357525, 21.184512048347493], [-0.002754374037600758, 0.04994912301072938, -16.543919043596862], [7.483864942282363e-05, -0.0015665548192600218, 1.0]]",12,2.18,model
2748.0,,10,3.43,reject
2749.0,,0,,reject
2750.0,,0,,reject
2751.0,,0,,reject
2752.0,,0,,reject
2753.0,,0,,reject
2754.0,,0,,reject
2755.0,,0,,reject
2756.0,,0,,reject
2757.0,,0,,reject
2758.0,,0,,reject
2759.0,,0,,reject
2760.0,"[[0.006766558435478425, -0.05167857041802727, 22.50154545687912], [-0.0018804383155729394, 0.035819162024316405, -11.394753372794492], [5.70143651893601e-05, -0.0016633038686670212, 1.0]]",12,1.32,model
2761.0,"[[0.005650635349183439, -0.04894102770414348, 24.199158884498086], [-0.0004258335593035022, 0.03469435916070476, -13.032089881541006], [-2.337323152402063e-06, -0.0015908950718630302, 1.0]]",16,0.5,model
2762.0,"[[0.0018134557546050432, -0.04577433885937659, 27.18368475164312], [0.0008163656834844566, 0.030147257495245477, -12.44775744672141], [-0.00010413299567403862, -0.0014938799186627852, 1.0]]",14,0.67,model
2763.0,"[[0.0021609021882392043, -0.046266509376062574, 27.684058927329698], [0.0007425333637456092, 0.03179493778563412, -12.747290072260942], [-9.739964228935192e-05, -0.0015078204559022018, 1.0]]",13,0.78,model
2764.0,"[[0.0023640793440716117, -0.04680824530260997, 27.823430290251498], [0.0006221730938036672, 0.030650349166651696, -12.310753154083395], [-9.125322349022729e-05, -0.0015152178888262998, 1.0]]",13,0.6,model
2765.0,"[[0.0019270397948323347, -0.04646559445880939, 27.852406254830683], [0.0007931108562701776, 0.030583589853771232, -12.432298944057628], [-0.00010285232750654743, -0.0015047330896925126, 1.0]]",13,0.6,model
2766.0,"[[0.0027747344666567224, -0.04658732730681855, 26.425056207223463], [0.0003398156131443347, 0.0296353756423301, -11.971642821566057], [-8.027185648765115e-05, -0.0015091514970523526, 1.0]]",16,0.53,model
2767.0,"[[0.004702072512579243, -0.04833056485068761, 24.566193551386572], [-0.00023678581837496213, 0.03355017432987736, -13.190283312440362], [-2.6897154038468616e-05, -0.0015746571357614272, 1.0]]",17,0.52,model
2768.0,"[[0.006473809835258613, -0.05106719385590108, 23.461605690650856], [-0.0012321498760368547, 0.03471271320590337, -12.49095098909663], [4.082947245994545e-05, -0.0016508185679670964, 1.0]]",14,0.71,model
2769.0,"[[0.006527745861838331, -0.0522976756929202, 22.63890855007747], [-0.00214334180063924, 0.03960880810046803, -13.275679696596429], [4.669389331274137e-05, -0.0016332296568233057, 1.0]]",11,1.89,model
2770.0,"[[0.006380725792506287, -0.05065170024926067, 19.689496766003277], [-0.0018654775444550125, 0.026360578102919453, -7.816249067735528], [7.118727270912185e-05, -0.0018163648272621045, 1.0]]",10,2.1,model
2771.0,,0,,reject
2772.0,,0,,reject
2773.0,,0,,reject
2774.0,,12,3.21,reject
2775.0,"[[0.003755157975741578, -0.0485948473667043, 25.842971888605746], [3.1706488053524655e-05, 0.031238612023592304, -12.453005746735965], [-4.4109842959485594e-05, -0.001581523568704512, 1.0]]",16,0.52,model
2776.0,"[[0.002399547078008918, -0.04679736577639149, 29.13223169664046], [0.0018104222934971048, 0.03131176919015586, -13.081441562725864], [-9.01348560608108e-05, -0.001508851933146269, 1.0]]",12,2.02,model
2777.0,,0,,reject
2778.0,,0,,reject
2779.0,,0,,reject
2780.0,,0,,reject
2781.0,"[[0.0038736840803915438, -0.04690744269030373, 26.0714141886754], [6.373905682983323e-05, 0.03138898396493997, -11.686893264935259], [-5.368395514097879e-05, -0.001511881433828845, 1.0]]",16,0.62,model
2782.0,"[[0.00680272705118751, -0.053372630424551225, 23.305509434657992], [-0.001989486755544845, 0.03777145868251872, -12.788777619013711], [5.8721688709706075e-05, -0.0016934948932619204, 1.0]]",13,1.81,model
2783.0,"[[0.007997612361920026, -0.05077512295046561, 20.08645127207477], [-0.003566350419294176, 0.047408489102725535, -14.301230699119223], [4.2072442214283115e-05, -0.0015088069114514515, 1.0]]",10,1.59,model
2784.0,"[[0.005845645917846056, -0.04986268693961685, 20.916182151154725], [-0.0024046908744059436, 0.03203104993963634, -9.481617070859057], [3.6646368483128824e-05, -0.0016601231495046046, 0.9999999999999999]]",10,1.48,model
2785.0,"[[0.00931499877909545, -0.0540302040450839, 20.026386023061022], [-0.004209442511998581, 0.05220674104552032, -15.315693285109022], [7.305346891818989e-05, -0.0015895470458407827, 1.0]]",10,1.75,model
2786.0,"[[0.003926322676892836, -0.042650711119670726, 19.37637037210728], [-0.0020758059150507743, 0.03470287117647422, -10.96823140359449], [-6.117565587629933e-05, -0.0013925495890251146, 1.0]]",10,2.71,model
2787.0,,0,,reject
2788.0,,0,,reject
2789.0,,0,,reject
2790.0,,0,,reject
2791.0,,0,,reject
2792.0,"[[0.004437950873522327, -0.044946252240450166, 19.713652111207182], [-0.0023370166737717787, 0.03459190791837318, -10.586855985502812], [-3.5340922149276444e-05, -0.0014802639392175656, 1.0]]",10,2.54,model
2793.0,"[[0.0061624153909577584, -0.05016860127012466, 20.652241639521744], [-0.002439911726677329, 0.03309438477624368, -9.610879877011959], [3.927647318873312e-05, -0.0016580572896618662, 0.9999999999999999]]",10,1.26,model
2794.0,"[[0.007031535046542636, -0.05042869394345764, 20.105432462074745], [-0.0033144995057255116, 0.039700748320244714, -10.966536524106935], [3.236725063306003e-05, -0.001566451893885216, 1.0]]",10,1.7,model
2795.0,"[[0.007007966593513171, -0.050257752126673404, 20.028315585571978], [-0.003259894618167345, 0.03920175853970123, -10.879858269610589], [3.170660813342591e-05, -0.0015671831139962593, 0.9999999999999999]]",10,1.58,model
2796.0,"[[0.0070360726197038785, -0.05006472078687174, 19.897542483870254], [-0.003342866301851843, 0.03911632646963947, -10.703227451067297], [3.0354738926287702e-05, -0.0015614822176111213, 0.9999999999999999]]",10,1.62,model
2797.0,"[[0.006681311161595584, -0.04895172977680897, 20.104207232011888], [-0.0028128833569377137, 0.03959504190035411, -11.589909446118789], [1.957421648710851e-05, -0.001511346492029801, 1.0]]",10,1.75,model
2798.0,"[[0.007671459716359045, -0.05023520150218047, 20.629963297878444], [-0.0025691679087664586, 0.04799504696978212, -15.635082788433326], [3.300373639428647e-05, -0.0014872965793287826, 1.0]]",10,1.65,model
2799.0,"[[0.006472919499378342, -0.05274501127118013, 23.447124019731316], [-0.0015431800361058482, 0.03682629184352753, -13.00058853038166], [4.952968915687505e-05, -0.0016801920779156224, 1.0]]",13,1.68,model
2800.0,"[[0.007109976285109345, -0.05267200962808546, 23.21426758636741], [-0.0014878975601833198, 0.036928050241395706, -12.883351899687508], [5.660948192026927e-05, -0.0016735797810958327, 1.0]]",13,1.09,model
2801.0,"[[0.007730340919879262, -0.05162771462270475, 21.234089861443874], [-0.002339694535499083, 0.04549097627868971, -15.145667699137768], [5.01817572756949e-05, -0.0015805408234251849, 1.0]]",12,1.98,model
2802.0,"[[0.006021051666212399, -0.05080117602943248, 20.23758785742259], [-0.002136430188769957, 0.03332674899773045, -10.314333435091728], [3.303318634492767e-05, -0.00169901921034946, 1.0]]",10,1.31,model
2803.0,,0,,reject
2804.0,,0,,reject
2805.0,,0,,reject
2806.0,"[[0.005971969039217861, -0.04705533552696761, 18.905284338864163], [-0.0036401236362739323, 0.033607877475910965, -7.300101922195179], [-1.536248359156654e-05, -0.0014780535147395568, 0.9999999999999999]]",10,1.41,model
2807.0,"[[0.004484188281933723, -0.04272889075894974, 18.310820318156775], [-0.0027153758392355117, 0.03002525438816908, -7.58081300117517], [-4.975439010464094e-05, -0.0014373957474844348, 1.0]]",10,2.91,model
2808.0,"[[0.004399306395890377, -0.04306007999522293, 18.871656163601962], [-0.002572593311463883, 0.03073016257180616, -8.002584624597397], [-4.533362795599603e-05, -0.0014393374341289354, 1.0]]",10,2.57,model
2809.0,,0,,reject
2810.0,,0,,reject
2811.0,,0,,reject
2812.0,,0,,reject
2813.0,,0,,reject
2814.0,,0,,reject
2815.0,,0,,reject
2816.0,,0,,reject
2817.0,,0,,reject
2818.0,"[[0.007387883786320142, -0.050178933125294256, 21.01481449936886], [-0.002841600183415736, 0.04947327493829098, -15.37003898775231], [2.3067180280767743e-05, -0.0014785788361966344, 1.0]]",10,1.79,model
2819.0,"[[0.006268867550709041, -0.05050788160602125, 23.36166653925524], [-0.0010736562623229562, 0.03437391090729304, -12.535300005837719], [3.1544196715497476e-05, -0.001638820216971279, 1.0]]",14,0.56,model
2820.0,"[[0.004755874262018754, -0.04794784451137258, 24.484934880196196], [-0.0001687681880249333, 0.033127926757067314, -13.076546731379548], [-2.6638000122607675e-05, -0.0015687098857716623, 1.0]]",17,0.44,model
